clade	gene	site	alt
B.1	ORF1b	314	L

Alpha (B.1.1.7)	ORF1a	1001	I
Alpha (B.1.1.7)	ORF1a	2230	T
Alpha (B.1.1.7)	S	982	A

Beta (B.1.351)	ORF1a	1655	N
Beta (B.1.351)	ORF1a	3353	R

Gamma (P.1)	N	80	R
Gamma (P.1)	ORF1a	1188	L
Gamma (P.1)	ORF1b	1264	D
Gamma (P.1)	S	501	Y

Delta (B.1.617.2)	N	215	C
Delta (B.1.617.2)	ORF1a	2287	S
Delta (B.1.617.2)	ORF1a	2930	L
Delta (B.1.617.2)	ORF7b	40	I

Lambda (C.37)	S	452	Q
Lambda (C.37)	S	490	S
Lambda (C.37)	nuc	23031	C

Mu (B.1.621)	ORF1a	1055	A
Mu (B.1.621)	ORF1b	1342	S
Mu (B.1.621)	S	95	I
Mu (B.1.621)	S	145	N
